Sample Name,SRA run,Cell type,Label
GSM1966536,SRR2979227,H1,2
GSM1966537,SRR2979228,H1,2
GSM1966538,SRR2979229,H1,2
GSM1966539,SRR2979230,H1,2
GSM1966540,SRR2979231,H1,2
GSM1966541,SRR2979232,H1,2
GSM1966542,SRR2979233,H1,2
GSM1966543,SRR2979235,H1,2
GSM1966544,SRR2979236,H1,2
GSM1966545,SRR2979237,H1,2
GSM1966546,SRR2979238,H1,2
GSM1966547,SRR2979239,H1,2
GSM1966548,SRR2979240,H1,2
GSM1966549,SRR2979241,H1,2
GSM1966550,SRR2979242,H1,2
GSM1966551,SRR2979243,H1,2
GSM1966552,SRR2979244,H1,2
GSM1966553,SRR2979245,H1,2
GSM1966554,SRR2979246,H1,2
GSM1966555,SRR2979247,H1,2
GSM1966556,SRR2979248,H1,2
GSM1966557,SRR2979249,H1,2
GSM1966558,SRR2979250,H1,2
GSM1966559,SRR2979251,H1,2
GSM1966560,SRR2979252,H1,2
GSM1966561,SRR2979253,H1,2
GSM1966562,SRR2979254,H1,2
GSM1966563,SRR2979255,H1,2
GSM1966564,SRR2979256,H1,2
GSM1966565,SRR2979257,H1,2
GSM1966566,SRR2979258,H1,2
GSM1966567,SRR2979259,H1,2
GSM1966568,SRR2979260,H1,2
GSM1966569,SRR2979261,H1,2
GSM1966570,SRR2979262,H1,2
GSM1966571,SRR2979263,H1,2
GSM1966572,SRR2979264,H1,2
GSM1966573,SRR2979265,H1,2
GSM1966574,SRR2979266,H1,2
GSM1966575,SRR2979267,H1,2
GSM1966576,SRR2979268,H1,2
GSM1966577,SRR2979269,H1,2
GSM1966578,SRR2979270,H1,2
GSM1966579,SRR2979271,H1,2
GSM1966580,SRR2979272,H1,2
GSM1966581,SRR2979273,H1,2
GSM1966582,SRR2979274,H1,2
GSM1966583,SRR2979275,H1,2
GSM1966584,SRR2979276,H1,2
GSM1966585,SRR2979277,H1,2
GSM1966586,SRR2979278,H1,2
GSM1966587,SRR2979279,H1,2
GSM1966588,SRR2979280,H1,2
GSM1966589,SRR2979281,H1,2
GSM1966590,SRR2979282,H1,2
GSM1966591,SRR2979283,H1,2
GSM1966592,SRR2979284,H1,2
GSM1966593,SRR2979285,H1,2
GSM1966594,SRR2979286,H1,2
GSM1966595,SRR2979287,H1,2
GSM1966596,SRR2979288,H1,2
GSM1966597,SRR2979289,H1,2
GSM1966598,SRR2979290,H1,2
GSM1966599,SRR2979291,H1,2
GSM1966600,SRR2979292,H1,2
GSM1966601,SRR2979293,H1,2
GSM1966602,SRR2979294,H1,2
GSM1966603,SRR2979295,H1,2
GSM1966604,SRR2979296,H1,2
GSM1966605,SRR2979297,H1,2
GSM1966606,SRR2979298,H1,2
GSM1966607,SRR2979299,H1,2
GSM1966608,SRR2979300,H1,2
GSM1966609,SRR2979301,H1,2
GSM1966610,SRR2979302,H1,2
GSM1966611,SRR2979303,H1,2
GSM1966612,SRR2979304,H1,2
GSM1966613,SRR2979305,H1,2
GSM1966614,SRR2979306,H1,2
GSM1966615,SRR2979307,H1,2
GSM1966616,SRR2979308,H1,2
GSM1966617,SRR2979309,H1,2
GSM1966618,SRR2979310,H1,2
GSM1966619,SRR2979311,H1,2
GSM1966620,SRR2979312,H1,2
GSM1966621,SRR2979313,H1,2
GSM1966622,SRR2979314,H1,2
GSM1966623,SRR2979315,H1,2
GSM1966624,SRR2979316,H1,2
GSM1966625,SRR2979317,H1,2
GSM1966626,SRR2979318,H1,2
GSM1966627,SRR2979319,H1,2
GSM1966628,SRR2979320,H1,2
GSM1966629,SRR2979321,H1,2
GSM1966630,SRR2979322,H1,2
GSM1966631,SRR2979323,H1,2
GSM1966632,SRR2979324,H1,2
GSM1966633,SRR2979325,H1,2
GSM1966634,SRR2979326,H1,2
GSM1966635,SRR2979327,H1,2
GSM1966636,SRR2979328,H1,2
GSM1966637,SRR2979329,H1,2
GSM1966638,SRR2979330,H1,2
GSM1966639,SRR2979331,H1,2
GSM1966640,SRR2979332,H1,2
GSM1966641,SRR2979333,H1,2
GSM1966642,SRR2979334,H1,2
GSM1966643,SRR2979335,H1,2
GSM1966644,SRR2979336,H1,2
GSM1966645,SRR2979337,H1,2
GSM1966646,SRR2979338,H1,2
GSM1966647,SRR2979339,H1,2
GSM1966648,SRR2979340,H1,2
GSM1966649,SRR2979341,H1,2
GSM1966650,SRR2979342,H1,2
GSM1966651,SRR2979343,H1,2
GSM1966652,SRR2979344,H1,2
GSM1966653,SRR2979345,H1,2
GSM1966654,SRR2979346,H1,2
GSM1966655,SRR2979347,H1,2
GSM1966656,SRR2979348,H1,2
GSM1966657,SRR2979349,H1,2
GSM1966658,SRR2979350,H1,2
GSM1966659,SRR2979351,H1,2
GSM1966660,SRR2979352,H1,2
GSM1966661,SRR2979353,H1,2
GSM1966662,SRR2979354,H1,2
GSM1966663,SRR2979355,H1,2
GSM1966664,SRR2979356,H1,2
GSM1966665,SRR2979357,H1,2
GSM1966666,SRR2979358,H1,2
GSM1966667,SRR2979359,H1,2
GSM1966668,SRR2979360,H1,2
GSM1966669,SRR2979361,H1,2
GSM1966670,SRR2979362,H1,2
GSM1966671,SRR2979363,H1,2
GSM1966672,SRR2979364,H1,2
GSM1966673,SRR2979365,H1,2
GSM1966674,SRR2979366,H1,2
GSM1966675,SRR2979367,H1,2
GSM1966676,SRR2979368,H1,2
GSM1966677,SRR2979369,H1,2
GSM1966678,SRR2979370,H1,2
GSM1966679,SRR2979371,H1,2
GSM1966680,SRR2979372,H1,2
GSM1966681,SRR2979373,H1,2
GSM1966682,SRR2979374,H1,2
GSM1966683,SRR2979375,H1,2
GSM1966684,SRR2979376,H1,2
GSM1966685,SRR2979377,H1,2
GSM1966686,SRR2979378,H1,2
GSM1966687,SRR2979379,H1,2
GSM1966688,SRR2979380,H1,2
GSM1966689,SRR2979381,H1,2
GSM1966690,SRR2979382,H1,2
GSM1966691,SRR2979383,H1,2
GSM1966692,SRR2979384,H1,2
GSM1966693,SRR2979385,H1,2
GSM1966694,SRR2979386,H1,2
GSM1966695,SRR2979387,H1,2
GSM1966696,SRR2979388,H1,2
GSM1966697,SRR2979389,H1,2
GSM1966698,SRR2979390,H1,2
GSM1966699,SRR2979391,H1,2
GSM1966700,SRR2979392,H1,2
GSM1966701,SRR2979393,H1,2
GSM1966702,SRR2979394,H1,2
GSM1966703,SRR2979395,H1,2
GSM1966704,SRR2979396,H1,2
GSM1966705,SRR2979397,H1,2
GSM1966706,SRR2979398,H1,2
GSM1966707,SRR2979399,H1,2
GSM1966708,SRR2979401,H1,2
GSM1966709,SRR2979402,H1,2
GSM1966710,SRR2979403,H1,2
GSM1966711,SRR2979404,H1,2
GSM1966712,SRR2979405,H1,2
GSM1966713,SRR2979406,H1,2
GSM1966714,SRR2979407,H1,2
GSM1966715,SRR2979408,H1,2
GSM1966716,SRR2979409,H1,2
GSM1966717,SRR2979410,H1,2
GSM1966718,SRR2979411,H1,2
GSM1966719,SRR2979412,H1,2
GSM1966720,SRR2979413,H1,2
GSM1966721,SRR2979414,H1,2
GSM1966722,SRR2979415,H1,2
GSM1966723,SRR2979416,H1,2
GSM1966724,SRR2979417,H1,2
GSM1966725,SRR2979418,H1,2
GSM1966726,SRR2979419,H1,2
GSM1966727,SRR2979420,H1,2
GSM1966728,SRR2979421,H1,2
GSM1966729,SRR2979422,H1,2
GSM1966730,SRR2979423,H1,2
GSM1966731,SRR2979424,H1,2
GSM1966732,SRR2979425,H1,2
GSM1966733,SRR2979426,H1,2
GSM1966734,SRR2979427,H1,2
GSM1966735,SRR2979428,H1,2
GSM1966736,SRR2979429,H1,2
GSM1966737,SRR2979430,H1,2
GSM1966738,SRR2979431,H1,2
GSM1966739,SRR2979432,H1,2
GSM1966740,SRR2979433,H1,2
GSM1966741,SRR2979434,H1,2
GSM1966742,SRR2979435,H1,2
GSM1966743,SRR2979436,H1,2
GSM1966744,SRR2979437,H1,2
GSM1966745,SRR2979438,H1,2
GSM1966746,SRR2979439,H1,2
GSM1966747,SRR2979440,H1,2
GSM1964970,SRR2977655,H9,3
GSM1964971,SRR2977656,H9,3
GSM1964972,SRR2977657,H9,3
GSM1964973,SRR2977658,H9,3
GSM1964975,SRR2977659,H9,3
GSM1964977,SRR2977660,H9,3
GSM1964978,SRR2977661,H9,3
GSM1964979,SRR2977662,H9,3
GSM1964980,SRR2977663,H9,3
GSM1964981,SRR2977664,H9,3
GSM1964982,SRR2977665,H9,3
GSM1964983,SRR2977666,H9,3
GSM1964984,SRR2977667,H9,3
GSM1964985,SRR2977668,H9,3
GSM1964986,SRR2977669,H9,3
GSM1964987,SRR2977670,H9,3
GSM1964988,SRR2977671,H9,3
GSM1964989,SRR2977672,H9,3
GSM1964990,SRR2977673,H9,3
GSM1964991,SRR2977674,H9,3
GSM1964992,SRR2977675,H9,3
GSM1964993,SRR2977676,H9,3
GSM1964994,SRR2977677,H9,3
GSM1964995,SRR2977678,H9,3
GSM1964996,SRR2977679,H9,3
GSM1964997,SRR2977680,H9,3
GSM1964998,SRR2977681,H9,3
GSM1964999,SRR2977682,H9,3
GSM1965000,SRR2977683,H9,3
GSM1965001,SRR2977684,H9,3
GSM1965002,SRR2977685,H9,3
GSM1965003,SRR2977686,H9,3
GSM1965004,SRR2977687,H9,3
GSM1965005,SRR2977688,H9,3
GSM1965006,SRR2977689,H9,3
GSM1965007,SRR2977690,H9,3
GSM1965008,SRR2977691,H9,3
GSM1965009,SRR2977692,H9,3
GSM1965010,SRR2977693,H9,3
GSM1965011,SRR2977694,H9,3
GSM1965012,SRR2977695,H9,3
GSM1965013,SRR2977696,H9,3
GSM1965014,SRR2977697,H9,3
GSM1965015,SRR2977698,H9,3
GSM1965016,SRR2977699,H9,3
GSM1965017,SRR2977700,H9,3
GSM1965018,SRR2977701,H9,3
GSM1965019,SRR2977702,H9,3
GSM1965020,SRR2977703,H9,3
GSM1965021,SRR2977704,H9,3
GSM1965022,SRR2977705,H9,3
GSM1965023,SRR2977706,H9,3
GSM1965024,SRR2977707,H9,3
GSM1965025,SRR2977708,H9,3
GSM1965026,SRR2977709,H9,3
GSM1965027,SRR2977710,H9,3
GSM1965028,SRR2977711,H9,3
GSM1965029,SRR2977712,H9,3
GSM1965030,SRR2977713,H9,3
GSM1965031,SRR2977714,H9,3
GSM1965032,SRR2977715,H9,3
GSM1965033,SRR2977716,H9,3
GSM1965034,SRR2977717,H9,3
GSM1965035,SRR2977718,H9,3
GSM1965036,SRR2977719,H9,3
GSM1965037,SRR2977720,H9,3
GSM1965038,SRR2977721,H9,3
GSM1965039,SRR2977722,H9,3
GSM1965040,SRR2977723,H9,3
GSM1965041,SRR2977724,H9,3
GSM1965042,SRR2977725,H9,3
GSM1965043,SRR2977726,H9,3
GSM1965044,SRR2977727,H9,3
GSM1965045,SRR2977728,H9,3
GSM1965046,SRR2977729,H9,3
GSM1965047,SRR2977730,H9,3
GSM1965048,SRR2977731,H9,3
GSM1965049,SRR2977732,H9,3
GSM1965050,SRR2977733,H9,3
GSM1965051,SRR2977734,H9,3
GSM1965052,SRR2977735,H9,3
GSM1965053,SRR2977736,H9,3
GSM1965054,SRR2977737,H9,3
GSM1965055,SRR2977738,H9,3
GSM1965056,SRR2977739,H9,3
GSM1965057,SRR2977740,H9,3
GSM1965058,SRR2977741,H9,3
GSM1965059,SRR2977742,H9,3
GSM1965060,SRR2977743,H9,3
GSM1965061,SRR2977744,H9,3
GSM1965062,SRR2977745,H9,3
GSM1965063,SRR2977746,H9,3
GSM1965064,SRR2977747,H9,3
GSM1965065,SRR2977748,H9,3
GSM1965066,SRR2977749,H9,3
GSM1965067,SRR2977750,H9,3
GSM1965068,SRR2977751,H9,3
GSM1965069,SRR2977752,H9,3
GSM1965070,SRR2977753,H9,3
GSM1965071,SRR2977754,H9,3
GSM1965072,SRR2977755,H9,3
GSM1965073,SRR2977756,H9,3
GSM1965074,SRR2977757,H9,3
GSM1965075,SRR2977758,H9,3
GSM1965076,SRR2977759,H9,3
GSM1965077,SRR2977760,H9,3
GSM1965078,SRR2977761,H9,3
GSM1965079,SRR2977762,H9,3
GSM1965080,SRR2977763,H9,3
GSM1965081,SRR2977764,H9,3
GSM1965082,SRR2977765,H9,3
GSM1965083,SRR2977766,H9,3
GSM1965084,SRR2977767,H9,3
GSM1965085,SRR2977768,H9,3
GSM1965086,SRR2977769,H9,3
GSM1965087,SRR2977770,H9,3
GSM1965088,SRR2977771,H9,3
GSM1965089,SRR2977772,H9,3
GSM1965090,SRR2977773,H9,3
GSM1965091,SRR2977774,H9,3
GSM1965092,SRR2977775,H9,3
GSM1965093,SRR2977776,H9,3
GSM1965094,SRR2977777,H9,3
GSM1965095,SRR2977778,H9,3
GSM1965096,SRR2977779,H9,3
GSM1965097,SRR2977780,H9,3
GSM1965098,SRR2977781,H9,3
GSM1965099,SRR2977782,H9,3
GSM1965100,SRR2977783,H9,3
GSM1965101,SRR2977784,H9,3
GSM1965102,SRR2977785,H9,3
GSM1965103,SRR2977786,H9,3
GSM1965104,SRR2977787,H9,3
GSM1965105,SRR2977788,H9,3
GSM1965106,SRR2977789,H9,3
GSM1965107,SRR2977790,H9,3
GSM1965108,SRR2977791,H9,3
GSM1965109,SRR2977792,H9,3
GSM1965110,SRR2977793,H9,3
GSM1965111,SRR2977794,H9,3
GSM1965112,SRR2977795,H9,3
GSM1965113,SRR2977796,H9,3
GSM1965114,SRR2977797,H9,3
GSM1965115,SRR2977798,H9,3
GSM1965116,SRR2977799,H9,3
GSM1965117,SRR2977800,H9,3
GSM1965118,SRR2977801,H9,3
GSM1965119,SRR2977802,H9,3
GSM1965120,SRR2977803,H9,3
GSM1965121,SRR2977804,H9,3
GSM1965122,SRR2977805,H9,3
GSM1965123,SRR2977806,H9,3
GSM1965124,SRR2977807,H9,3
GSM1965125,SRR2977808,H9,3
GSM1965126,SRR2977809,H9,3
GSM1965127,SRR2977810,H9,3
GSM1965128,SRR2977811,H9,3
GSM1965129,SRR2977812,H9,3
GSM1965130,SRR2977813,H9,3
GSM1965131,SRR2977814,H9,3
GSM1965132,SRR2977815,H9,3
GSM1965133,SRR2977816,H9,3
GSM1965134,SRR2977817,DEC,0
GSM1965135,SRR2977818,DEC,0
GSM1965136,SRR2977819,DEC,0
GSM1965137,SRR2977820,DEC,0
GSM1965138,SRR2977821,DEC,0
GSM1965139,SRR2977822,DEC,0
GSM1965140,SRR2977823,DEC,0
GSM1965141,SRR2977824,DEC,0
GSM1965142,SRR2977825,DEC,0
GSM1965143,SRR2977826,DEC,0
GSM1965144,SRR2977827,DEC,0
GSM1965145,SRR2977828,DEC,0
GSM1965146,SRR2977830,DEC,0
GSM1965147,SRR2977831,DEC,0
GSM1965148,SRR2977832,DEC,0
GSM1965149,SRR2977833,DEC,0
GSM1965150,SRR2977834,DEC,0
GSM1965151,SRR2977835,DEC,0
GSM1965152,SRR2977836,DEC,0
GSM1965153,SRR2977837,DEC,0
GSM1965154,SRR2977838,DEC,0
GSM1965155,SRR2977839,DEC,0
GSM1965156,SRR2977840,DEC,0
GSM1965157,SRR2977841,DEC,0
GSM1965158,SRR2977842,DEC,0
GSM1965159,SRR2977843,DEC,0
GSM1965160,SRR2977844,DEC,0
GSM1965161,SRR2977845,DEC,0
GSM1965162,SRR2977846,DEC,0
GSM1965163,SRR2977847,DEC,0
GSM1965164,SRR2977848,DEC,0
GSM1965165,SRR2977849,DEC,0
GSM1965166,SRR2977850,DEC,0
GSM1965167,SRR2977851,DEC,0
GSM1965168,SRR2977852,DEC,0
GSM1965169,SRR2977853,DEC,0
GSM1965170,SRR2977854,DEC,0
GSM1965171,SRR2977855,DEC,0
GSM1965172,SRR2977856,DEC,0
GSM1965173,SRR2977857,DEC,0
GSM1965174,SRR2977858,DEC,0
GSM1965175,SRR2977859,DEC,0
GSM1965176,SRR2977860,DEC,0
GSM1965177,SRR2977861,DEC,0
GSM1965178,SRR2977862,DEC,0
GSM1965179,SRR2977863,DEC,0
GSM1965180,SRR2977864,DEC,0
GSM1965181,SRR2977865,DEC,0
GSM1965182,SRR2977866,DEC,0
GSM1965183,SRR2977867,DEC,0
GSM1965184,SRR2977868,DEC,0
GSM1965185,SRR2977869,DEC,0
GSM1965186,SRR2977870,DEC,0
GSM1965187,SRR2977871,DEC,0
GSM1965188,SRR2977872,DEC,0
GSM1965189,SRR2977873,DEC,0
GSM1965190,SRR2977874,DEC,0
GSM1965191,SRR2977875,DEC,0
GSM1965192,SRR2977876,DEC,0
GSM1965193,SRR2977877,DEC,0
GSM1965194,SRR2977878,DEC,0
GSM1965195,SRR2977879,DEC,0
GSM1965196,SRR2977880,DEC,0
GSM1965197,SRR2977881,DEC,0
GSM1965198,SRR2977882,DEC,0
GSM1965199,SRR2977883,DEC,0
GSM1965200,SRR2977884,DEC,0
GSM1965201,SRR2977885,DEC,0
GSM1965202,SRR2977886,DEC,0
GSM1965203,SRR2977887,DEC,0
GSM1965204,SRR2977888,DEC,0
GSM1965205,SRR2977889,DEC,0
GSM1965206,SRR2977890,DEC,0
GSM1965207,SRR2977891,DEC,0
GSM1965208,SRR2977892,DEC,0
GSM1965209,SRR2977893,DEC,0
GSM1965210,SRR2977894,DEC,0
GSM1965211,SRR2977895,DEC,0
GSM1965212,SRR2977896,DEC,0
GSM1965213,SRR2977897,DEC,0
GSM1965214,SRR2977898,DEC,0
GSM1965215,SRR2977899,DEC,0
GSM1965216,SRR2977900,DEC,0
GSM1965217,SRR2977901,DEC,0
GSM1965218,SRR2977902,DEC,0
GSM1965219,SRR2977903,DEC,0
GSM1965220,SRR2977904,DEC,0
GSM1965221,SRR2977905,DEC,0
GSM1965222,SRR2977906,DEC,0
GSM1965223,SRR2977907,DEC,0
GSM1965224,SRR2977908,DEC,0
GSM1965225,SRR2977909,DEC,0
GSM1965226,SRR2977910,DEC,0
GSM1965227,SRR2977911,DEC,0
GSM1965228,SRR2977912,DEC,0
GSM1965229,SRR2977913,DEC,0
GSM1965230,SRR2977914,DEC,0
GSM1965231,SRR2977915,DEC,0
GSM1965232,SRR2977916,DEC,0
GSM1965233,SRR2977917,DEC,0
GSM1965234,SRR2977918,DEC,0
GSM1965235,SRR2977919,DEC,0
GSM1965236,SRR2977920,DEC,0
GSM1965237,SRR2977921,DEC,0
GSM1965238,SRR2977922,DEC,0
GSM1965239,SRR2977923,DEC,0
GSM1965240,SRR2977924,DEC,0
GSM1965241,SRR2977925,DEC,0
GSM1965242,SRR2977926,DEC,0
GSM1965243,SRR2977927,DEC,0
GSM1965244,SRR2977928,DEC,0
GSM1965245,SRR2977929,DEC,0
GSM1965246,SRR2977930,DEC,0
GSM1965247,SRR2977931,DEC,0
GSM1965248,SRR2977932,DEC,0
GSM1965249,SRR2977933,DEC,0
GSM1965250,SRR2977934,DEC,0
GSM1965251,SRR2977935,DEC,0
GSM1965252,SRR2977936,DEC,0
GSM1965253,SRR2977937,DEC,0
GSM1965254,SRR2977938,DEC,0
GSM1965255,SRR2977939,DEC,0
GSM1965256,SRR2977940,DEC,0
GSM1965257,SRR2977941,DEC,0
GSM1965258,SRR2977942,DEC,0
GSM1965259,SRR2977943,DEC,0
GSM1965260,SRR2977944,DEC,0
GSM1965261,SRR2977945,DEC,0
GSM1965262,SRR2977946,DEC,0
GSM1965263,SRR2977947,DEC,0
GSM1965264,SRR2977948,DEC,0
GSM1965265,SRR2977949,DEC,0
GSM1965266,SRR2977950,DEC,0
GSM1965267,SRR2977951,DEC,0
GSM1965268,SRR2977952,DEC,0
GSM1965269,SRR2977953,DEC,0
GSM1965270,SRR2977954,DEC,0
GSM1965271,SRR2977955,DEC,0
GSM1965272,SRR2977956,EC,1
GSM1965273,SRR2977957,EC,1
GSM1965274,SRR2977958,EC,1
GSM1965275,SRR2977959,EC,1
GSM1965276,SRR2977960,EC,1
GSM1965277,SRR2977961,EC,1
GSM1965278,SRR2977962,EC,1
GSM1965279,SRR2977963,EC,1
GSM1965280,SRR2977964,EC,1
GSM1965281,SRR2977965,EC,1
GSM1965282,SRR2977966,EC,1
GSM1965283,SRR2977967,EC,1
GSM1965284,SRR2977968,EC,1
GSM1965285,SRR2977969,EC,1
GSM1965286,SRR2977970,EC,1
GSM1965287,SRR2977971,EC,1
GSM1965288,SRR2977972,EC,1
GSM1965289,SRR2977973,EC,1
GSM1965290,SRR2977974,EC,1
GSM1965291,SRR2977975,EC,1
GSM1965292,SRR2977976,EC,1
GSM1965293,SRR2977977,EC,1
GSM1965294,SRR2977978,EC,1
GSM1965295,SRR2977979,EC,1
GSM1965296,SRR2977980,EC,1
GSM1965297,SRR2977981,EC,1
GSM1965298,SRR2977982,EC,1
GSM1965299,SRR2977983,EC,1
GSM1965300,SRR2977984,EC,1
GSM1965301,SRR2977985,EC,1
GSM1965302,SRR2977986,EC,1
GSM1965303,SRR2977987,EC,1
GSM1965304,SRR2977988,EC,1
GSM1965305,SRR2977989,EC,1
GSM1965306,SRR2977991,EC,1
GSM1965307,SRR2977992,EC,1
GSM1965308,SRR2977993,EC,1
GSM1965309,SRR2977994,EC,1
GSM1965310,SRR2977995,EC,1
GSM1965311,SRR2977996,EC,1
GSM1965312,SRR2977997,EC,1
GSM1965313,SRR2977998,EC,1
GSM1965314,SRR2977999,EC,1
GSM1965315,SRR2978000,EC,1
GSM1965316,SRR2978001,EC,1
GSM1965317,SRR2978002,EC,1
GSM1965318,SRR2978003,EC,1
GSM1965319,SRR2978004,EC,1
GSM1965320,SRR2978005,EC,1
GSM1965321,SRR2978006,EC,1
GSM1965322,SRR2978007,EC,1
GSM1965323,SRR2978008,EC,1
GSM1965324,SRR2978009,EC,1
GSM1965325,SRR2978010,EC,1
GSM1965326,SRR2978011,EC,1
GSM1965327,SRR2978012,EC,1
GSM1965328,SRR2978013,EC,1
GSM1965329,SRR2978014,EC,1
GSM1965330,SRR2978015,EC,1
GSM1965331,SRR2978016,EC,1
GSM1965332,SRR2978017,EC,1
GSM1965333,SRR2978018,EC,1
GSM1965334,SRR2978019,EC,1
GSM1965335,SRR2978020,EC,1
GSM1965336,SRR2978021,EC,1
GSM1965337,SRR2978022,EC,1
GSM1965338,SRR2978023,EC,1
GSM1965339,SRR2978024,EC,1
GSM1965340,SRR2978025,EC,1
GSM1965341,SRR2978026,EC,1
GSM1965342,SRR2978027,EC,1
GSM1965343,SRR2978028,EC,1
GSM1965344,SRR2978029,EC,1
GSM1965345,SRR2978030,EC,1
GSM1965346,SRR2978031,EC,1
GSM1965347,SRR2978032,EC,1
GSM1965348,SRR2978033,EC,1
GSM1965349,SRR2978034,EC,1
GSM1965350,SRR2978035,EC,1
GSM1965351,SRR2978036,EC,1
GSM1965352,SRR2978037,EC,1
GSM1965353,SRR2978038,EC,1
GSM1965354,SRR2978039,EC,1
GSM1965355,SRR2978040,EC,1
GSM1965356,SRR2978041,EC,1
GSM1965357,SRR2978042,EC,1
GSM1965358,SRR2978043,EC,1
GSM1965359,SRR2978044,EC,1
GSM1965360,SRR2978045,EC,1
GSM1965361,SRR2978046,EC,1
GSM1965362,SRR2978047,EC,1
GSM1965363,SRR2978048,EC,1
GSM1965364,SRR2978049,EC,1
GSM1965365,SRR2978050,EC,1
GSM1965366,SRR2978051,EC,1
GSM1965367,SRR2978052,EC,1
GSM1965368,SRR2978053,EC,1
GSM1965369,SRR2978054,EC,1
GSM1965370,SRR2978055,EC,1
GSM1965371,SRR2978056,EC,1
GSM1965372,SRR2978057,EC,1
GSM1965373,SRR2978058,EC,1
GSM1965374,SRR2978059,EC,1
GSM1965375,SRR2978060,EC,1
GSM1965376,SRR2978061,EC,1
GSM1965377,SRR2978062,HFF,4
GSM1965378,SRR2978063,HFF,4
GSM1965379,SRR2978064,HFF,4
GSM1965380,SRR2978065,HFF,4
GSM1965381,SRR2978066,HFF,4
GSM1965382,SRR2978067,HFF,4
GSM1965383,SRR2978068,HFF,4
GSM1965384,SRR2978069,HFF,4
GSM1965385,SRR2978070,HFF,4
GSM1965386,SRR2978071,HFF,4
GSM1965387,SRR2978072,HFF,4
GSM1965388,SRR2978073,HFF,4
GSM1965389,SRR2978074,HFF,4
GSM1965390,SRR2978075,HFF,4
GSM1965391,SRR2978076,HFF,4
GSM1965392,SRR2978077,HFF,4
GSM1965393,SRR2978078,HFF,4
GSM1965394,SRR2978079,HFF,4
GSM1965395,SRR2978080,HFF,4
GSM1965396,SRR2978081,HFF,4
GSM1965397,SRR2978082,HFF,4
GSM1965398,SRR2978083,HFF,4
GSM1965399,SRR2978084,HFF,4
GSM1965400,SRR2978085,HFF,4
GSM1965401,SRR2978086,HFF,4
GSM1965402,SRR2978087,HFF,4
GSM1965403,SRR2978088,HFF,4
GSM1965404,SRR2978089,HFF,4
GSM1965405,SRR2978090,HFF,4
GSM1965406,SRR2978091,HFF,4
GSM1965407,SRR2978092,HFF,4
GSM1965408,SRR2978093,HFF,4
GSM1965409,SRR2978094,HFF,4
GSM1965410,SRR2978095,HFF,4
GSM1965411,SRR2978096,HFF,4
GSM1965412,SRR2978097,HFF,4
GSM1965413,SRR2978098,HFF,4
GSM1965414,SRR2978099,HFF,4
GSM1965415,SRR2978100,HFF,4
GSM1965416,SRR2978101,HFF,4
GSM1965417,SRR2978102,HFF,4
GSM1965418,SRR2978103,HFF,4
GSM1965419,SRR2978104,HFF,4
GSM1965420,SRR2978105,HFF,4
GSM1965421,SRR2978106,HFF,4
GSM1965422,SRR2978107,HFF,4
GSM1965423,SRR2978108,HFF,4
GSM1965424,SRR2978109,HFF,4
GSM1965425,SRR2978110,HFF,4
GSM1965426,SRR2978111,HFF,4
GSM1965427,SRR2978112,HFF,4
GSM1965428,SRR2978113,HFF,4
GSM1965429,SRR2978114,HFF,4
GSM1965430,SRR2978115,HFF,4
GSM1965431,SRR2978116,HFF,4
GSM1965432,SRR2978117,HFF,4
GSM1965433,SRR2978118,HFF,4
GSM1965434,SRR2978119,HFF,4
GSM1965435,SRR2978120,HFF,4
GSM1965436,SRR2978121,HFF,4
GSM1965437,SRR2978122,HFF,4
GSM1965438,SRR2978123,HFF,4
GSM1965439,SRR2978124,HFF,4
GSM1965440,SRR2978125,HFF,4
GSM1965441,SRR2978126,HFF,4
GSM1965442,SRR2978127,HFF,4
GSM1965443,SRR2978128,HFF,4
GSM1965444,SRR2978129,HFF,4
GSM1965445,SRR2978130,HFF,4
GSM1965446,SRR2978131,HFF,4
GSM1965447,SRR2978132,HFF,4
GSM1965448,SRR2978133,HFF,4
GSM1965449,SRR2978134,HFF,4
GSM1965450,SRR2978135,HFF,4
GSM1965451,SRR2978136,HFF,4
GSM1965452,SRR2978137,HFF,4
GSM1965453,SRR2978138,HFF,4
GSM1965454,SRR2978139,HFF,4
GSM1965455,SRR2978140,HFF,4
GSM1965456,SRR2978141,HFF,4
GSM1965457,SRR2978142,HFF,4
GSM1965458,SRR2978143,HFF,4
GSM1965459,SRR2978144,HFF,4
GSM1965460,SRR2978145,HFF,4
GSM1965461,SRR2978146,HFF,4
GSM1965462,SRR2978147,HFF,4
GSM1965463,SRR2978148,HFF,4
GSM1965464,SRR2978149,HFF,4
GSM1965465,SRR2978150,HFF,4
GSM1965466,SRR2978151,HFF,4
GSM1965467,SRR2978152,HFF,4
GSM1965468,SRR2978153,HFF,4
GSM1965469,SRR2978154,HFF,4
GSM1965470,SRR2978155,HFF,4
GSM1965471,SRR2978156,HFF,4
GSM1965472,SRR2978157,HFF,4
GSM1965473,SRR2978158,HFF,4
GSM1965474,SRR2978159,HFF,4
GSM1965475,SRR2978160,HFF,4
GSM1965476,SRR2978161,HFF,4
GSM1965477,SRR2978162,HFF,4
GSM1965478,SRR2978163,HFF,4
GSM1965479,SRR2978164,HFF,4
GSM1965480,SRR2978165,HFF,4
GSM1965481,SRR2978166,HFF,4
GSM1965482,SRR2978167,HFF,4
GSM1965483,SRR2978168,HFF,4
GSM1965484,SRR2978169,HFF,4
GSM1965485,SRR2978170,HFF,4
GSM1965486,SRR2978171,HFF,4
GSM1965487,SRR2978172,HFF,4
GSM1965488,SRR2978173,HFF,4
GSM1965489,SRR2978174,HFF,4
GSM1965490,SRR2978175,HFF,4
GSM1965491,SRR2978176,HFF,4
GSM1965492,SRR2978177,HFF,4
GSM1965493,SRR2978179,HFF,4
GSM1965494,SRR2978180,HFF,4
GSM1965495,SRR2978181,HFF,4
GSM1965496,SRR2978182,HFF,4
GSM1965497,SRR2978183,HFF,4
GSM1965498,SRR2978184,HFF,4
GSM1965499,SRR2978185,HFF,4
GSM1965500,SRR2978186,HFF,4
GSM1965501,SRR2978187,HFF,4
GSM1965502,SRR2978188,HFF,4
GSM1965503,SRR2978189,HFF,4
GSM1965504,SRR2978190,HFF,4
GSM1965505,SRR2978191,HFF,4
GSM1965506,SRR2978192,HFF,4
GSM1965507,SRR2978193,HFF,4
GSM1965508,SRR2978194,HFF,4
GSM1965509,SRR2978195,HFF,4
GSM1965510,SRR2978196,HFF,4
GSM1965511,SRR2978197,HFF,4
GSM1965512,SRR2978198,HFF,4
GSM1965513,SRR2978199,HFF,4
GSM1965514,SRR2978200,HFF,4
GSM1965515,SRR2978201,HFF,4
GSM1965516,SRR2978202,HFF,4
GSM1965517,SRR2978203,HFF,4
GSM1965518,SRR2978204,HFF,4
GSM1965519,SRR2978205,HFF,4
GSM1965520,SRR2978206,HFF,4
GSM1965521,SRR2978207,HFF,4
GSM1965522,SRR2978208,HFF,4
GSM1965523,SRR2978209,HFF,4
GSM1965524,SRR2978210,HFF,4
GSM1965525,SRR2978211,HFF,4
GSM1965526,SRR2978212,HFF,4
GSM1965527,SRR2978213,HFF,4
GSM1965528,SRR2978214,HFF,4
GSM1965529,SRR2978215,HFF,4
GSM1965530,SRR2978216,HFF,4
GSM1965531,SRR2978217,HFF,4
GSM1965532,SRR2978218,HFF,4
GSM1965533,SRR2978219,HFF,4
GSM1965534,SRR2978220,HFF,4
GSM1965535,SRR2978221,HFF,4
GSM1965536,SRR2978222,NPC,5
GSM1965537,SRR2978223,NPC,5
GSM1965538,SRR2978224,NPC,5
GSM1965539,SRR2978225,NPC,5
GSM1965540,SRR2978226,NPC,5
GSM1965541,SRR2978227,NPC,5
GSM1965542,SRR2978228,NPC,5
GSM1965543,SRR2978229,NPC,5
GSM1965544,SRR2978230,NPC,5
GSM1965545,SRR2978231,NPC,5
GSM1965546,SRR2978232,NPC,5
GSM1965547,SRR2978233,NPC,5
GSM1965548,SRR2978234,NPC,5
GSM1965549,SRR2978235,NPC,5
GSM1965550,SRR2978236,NPC,5
GSM1965551,SRR2978237,NPC,5
GSM1965552,SRR2978238,NPC,5
GSM1965553,SRR2978239,NPC,5
GSM1965554,SRR2978240,NPC,5
GSM1965555,SRR2978241,NPC,5
GSM1965556,SRR2978242,NPC,5
GSM1965557,SRR2978243,NPC,5
GSM1965558,SRR2978244,NPC,5
GSM1965559,SRR2978245,NPC,5
GSM1965560,SRR2978246,NPC,5
GSM1965561,SRR2978247,NPC,5
GSM1965562,SRR2978248,NPC,5
GSM1965563,SRR2978249,NPC,5
GSM1965564,SRR2978250,NPC,5
GSM1965565,SRR2978251,NPC,5
GSM1965566,SRR2978252,NPC,5
GSM1965567,SRR2978253,NPC,5
GSM1965568,SRR2978254,NPC,5
GSM1965569,SRR2978255,NPC,5
GSM1965570,SRR2978256,NPC,5
GSM1965571,SRR2978257,NPC,5
GSM1965572,SRR2978258,NPC,5
GSM1965573,SRR2978259,NPC,5
GSM1965574,SRR2978260,NPC,5
GSM1965575,SRR2978261,NPC,5
GSM1965576,SRR2978262,NPC,5
GSM1965577,SRR2978263,NPC,5
GSM1965578,SRR2978264,NPC,5
GSM1965579,SRR2978265,NPC,5
GSM1965580,SRR2978266,NPC,5
GSM1965581,SRR2978267,NPC,5
GSM1965582,SRR2978268,NPC,5
GSM1965583,SRR2978269,NPC,5
GSM1965584,SRR2978270,NPC,5
GSM1965585,SRR2978271,NPC,5
GSM1965586,SRR2978272,NPC,5
GSM1965587,SRR2978273,NPC,5
GSM1965588,SRR2978274,NPC,5
GSM1965589,SRR2978275,NPC,5
GSM1965590,SRR2978276,NPC,5
GSM1965591,SRR2978277,NPC,5
GSM1965592,SRR2978278,NPC,5
GSM1965593,SRR2978279,NPC,5
GSM1965594,SRR2978280,NPC,5
GSM1965595,SRR2978281,NPC,5
GSM1965596,SRR2978282,NPC,5
GSM1965597,SRR2978283,NPC,5
GSM1965598,SRR2978284,NPC,5
GSM1965599,SRR2978285,NPC,5
GSM1965600,SRR2978286,NPC,5
GSM1965601,SRR2978287,NPC,5
GSM1965602,SRR2978288,NPC,5
GSM1965603,SRR2978289,NPC,5
GSM1965604,SRR2978290,NPC,5
GSM1965605,SRR2978291,NPC,5
GSM1965606,SRR2978292,NPC,5
GSM1965607,SRR2978293,NPC,5
GSM1965608,SRR2978294,NPC,5
GSM1965609,SRR2978295,NPC,5
GSM1965610,SRR2978296,NPC,5
GSM1965611,SRR2978297,NPC,5
GSM1965612,SRR2978298,NPC,5
GSM1965613,SRR2978299,NPC,5
GSM1965614,SRR2978300,NPC,5
GSM1965615,SRR2978301,NPC,5
GSM1965616,SRR2978302,NPC,5
GSM1965617,SRR2978303,NPC,5
GSM1965618,SRR2978304,NPC,5
GSM1965619,SRR2978305,NPC,5
GSM1965620,SRR2978306,NPC,5
GSM1965621,SRR2978307,NPC,5
GSM1965622,SRR2978308,NPC,5
GSM1965623,SRR2978309,NPC,5
GSM1965624,SRR2978310,NPC,5
GSM1965625,SRR2978311,NPC,5
GSM1965626,SRR2978312,NPC,5
GSM1965627,SRR2978313,NPC,5
GSM1965628,SRR2978314,NPC,5
GSM1965629,SRR2978315,NPC,5
GSM1965630,SRR2978316,NPC,5
GSM1965631,SRR2978317,NPC,5
GSM1965632,SRR2978318,NPC,5
GSM1965633,SRR2978319,NPC,5
GSM1965634,SRR2978320,NPC,5
GSM1965635,SRR2978321,NPC,5
GSM1965636,SRR2978322,NPC,5
GSM1965637,SRR2978323,NPC,5
GSM1965638,SRR2978324,NPC,5
GSM1965639,SRR2978325,NPC,5
GSM1965640,SRR2978326,NPC,5
GSM1965641,SRR2978327,NPC,5
GSM1965642,SRR2978328,NPC,5
GSM1965643,SRR2978329,NPC,5
GSM1965644,SRR2978330,NPC,5
GSM1965645,SRR2978331,NPC,5
GSM1965646,SRR2978332,NPC,5
GSM1965647,SRR2978333,NPC,5
GSM1965648,SRR2978334,NPC,5
GSM1965649,SRR2978335,NPC,5
GSM1965650,SRR2978336,NPC,5
GSM1965651,SRR2978337,NPC,5
GSM1965652,SRR2978338,NPC,5
GSM1965653,SRR2978339,NPC,5
GSM1965654,SRR2978340,NPC,5
GSM1965655,SRR2978341,NPC,5
GSM1965656,SRR2978342,NPC,5
GSM1965657,SRR2978343,NPC,5
GSM1965658,SRR2978344,NPC,5
GSM1965659,SRR2978345,NPC,5
GSM1965660,SRR2978346,NPC,5
GSM1965661,SRR2978347,NPC,5
GSM1965662,SRR2978348,NPC,5
GSM1965663,SRR2978349,NPC,5
GSM1965664,SRR2978350,NPC,5
GSM1965665,SRR2978351,NPC,5
GSM1965666,SRR2978352,NPC,5
GSM1965667,SRR2978353,NPC,5
GSM1965668,SRR2978355,NPC,5
GSM1965669,SRR2978356,NPC,5
GSM1965670,SRR2978357,NPC,5
GSM1965671,SRR2978358,NPC,5
GSM1965672,SRR2978359,NPC,5
GSM1965673,SRR2978360,NPC,5
GSM1965674,SRR2978361,NPC,5
GSM1965675,SRR2978362,NPC,5
GSM1965676,SRR2978363,NPC,5
GSM1965677,SRR2978364,NPC,5
GSM1965678,SRR2978365,NPC,5
GSM1965679,SRR2978366,NPC,5
GSM1965680,SRR2978367,NPC,5
GSM1965681,SRR2978368,NPC,5
GSM1965682,SRR2978369,NPC,5
GSM1965683,SRR2978370,NPC,5
GSM1965684,SRR2978371,NPC,5
GSM1965685,SRR2978372,NPC,5
GSM1965686,SRR2978373,NPC,5
GSM1965687,SRR2978374,NPC,5
GSM1965688,SRR2978375,NPC,5
GSM1965689,SRR2978376,NPC,5
GSM1965690,SRR2978377,NPC,5
GSM1965691,SRR2978378,NPC,5
GSM1965692,SRR2978379,NPC,5
GSM1965693,SRR2978380,NPC,5
GSM1965694,SRR2978381,NPC,5
GSM1965695,SRR2978382,NPC,5
GSM1965696,SRR2978383,NPC,5
GSM1965697,SRR2978384,NPC,5
GSM1965698,SRR2978385,NPC,5
GSM1965699,SRR2978386,NPC,5
GSM1965700,SRR2978387,NPC,5
GSM1965701,SRR2978388,NPC,5
GSM1965702,SRR2978389,NPC,5
GSM1965703,SRR2978390,NPC,5
GSM1965704,SRR2978391,NPC,5
GSM1965705,SRR2978392,NPC,5
GSM1965706,SRR2978393,NPC,5
GSM1965707,SRR2978394,NPC,5
GSM1965708,SRR2978395,NPC,5
GSM1965709,SRR2978396,TB,6
GSM1965710,SRR2978397,TB,6
GSM1965711,SRR2978398,TB,6
GSM1965712,SRR2978399,TB,6
GSM1965713,SRR2978400,TB,6
GSM1965714,SRR2978401,TB,6
GSM1965715,SRR2978402,TB,6
GSM1965716,SRR2978403,TB,6
GSM1965717,SRR2978404,TB,6
GSM1965718,SRR2978405,TB,6
GSM1965719,SRR2978406,TB,6
GSM1965720,SRR2978407,TB,6
GSM1965721,SRR2978408,TB,6
GSM1965722,SRR2978409,TB,6
GSM1965723,SRR2978410,TB,6
GSM1965724,SRR2978411,TB,6
GSM1965725,SRR2978412,TB,6
GSM1965726,SRR2978413,TB,6
GSM1965727,SRR2978414,TB,6
GSM1965728,SRR2978415,TB,6
GSM1965729,SRR2978416,TB,6
GSM1965730,SRR2978417,TB,6
GSM1965731,SRR2978418,TB,6
GSM1965732,SRR2978419,TB,6
GSM1965733,SRR2978420,TB,6
GSM1965734,SRR2978421,TB,6
GSM1965735,SRR2978422,TB,6
GSM1965736,SRR2978423,TB,6
GSM1965737,SRR2978424,TB,6
GSM1965738,SRR2978425,TB,6
GSM1965739,SRR2978426,TB,6
GSM1965740,SRR2978427,TB,6
GSM1965741,SRR2978428,TB,6
GSM1965742,SRR2978429,TB,6
GSM1965743,SRR2978430,TB,6
GSM1965744,SRR2978431,TB,6
GSM1965745,SRR2978432,TB,6
GSM1965746,SRR2978433,TB,6
GSM1965747,SRR2978434,TB,6
GSM1965748,SRR2978435,TB,6
GSM1965749,SRR2978436,TB,6
GSM1965750,SRR2978437,TB,6
GSM1965751,SRR2978438,TB,6
GSM1965752,SRR2978439,TB,6
GSM1965753,SRR2978440,TB,6
GSM1965754,SRR2978441,TB,6
GSM1965755,SRR2978442,TB,6
GSM1965756,SRR2978443,TB,6
GSM1965757,SRR2978444,TB,6
GSM1965758,SRR2978445,TB,6
GSM1965759,SRR2978446,TB,6
GSM1965760,SRR2978447,TB,6
GSM1965761,SRR2978448,TB,6
GSM1965762,SRR2978449,TB,6
GSM1965763,SRR2978450,TB,6
GSM1965764,SRR2978451,TB,6
GSM1965765,SRR2978452,TB,6
GSM1965766,SRR2978453,TB,6
GSM1965767,SRR2978454,TB,6
GSM1965768,SRR2978455,TB,6
GSM1965769,SRR2978456,TB,6
GSM1965770,SRR2978457,TB,6
GSM1965771,SRR2978458,TB,6
GSM1965772,SRR2978459,TB,6
GSM1965773,SRR2978460,TB,6
GSM1965774,SRR2978461,TB,6
GSM1965775,SRR2978462,TB,6
GSM1965776,SRR2978463,TB,6
GSM1965777,SRR2978464,TB,6
